/*
SQLyog Professional v12.09 (64 bit)
MySQL - 5.7.40 : Database - z_blog
*********************************************************************
*/

/*!40101 SET NAMES utf8 */;

/*!40101 SET SQL_MODE=''*/;

/*!40014 SET @OLD_UNIQUE_CHECKS=@@UNIQUE_CHECKS, UNIQUE_CHECKS=0 */;
/*!40014 SET @OLD_FOREIGN_KEY_CHECKS=@@FOREIGN_KEY_CHECKS, FOREIGN_KEY_CHECKS=0 */;
/*!40101 SET @OLD_SQL_MODE=@@SQL_MODE, SQL_MODE='NO_AUTO_VALUE_ON_ZERO' */;
/*!40111 SET @OLD_SQL_NOTES=@@SQL_NOTES, SQL_NOTES=0 */;
CREATE DATABASE /*!32312 IF NOT EXISTS*/`z_blog` /*!40100 DEFAULT CHARACTER SET utf8 */;

USE `z_blog`;

/*Table structure for table `t_blogcontent` */

DROP TABLE IF EXISTS `t_blogcontent`;

CREATE TABLE `t_blogcontent` (
  `id` int(10) NOT NULL AUTO_INCREMENT,
  `username` varchar(20) NOT NULL,
  `blogTitle` varchar(100) NOT NULL,
  `blogContent` varchar(800) DEFAULT NULL,
  PRIMARY KEY (`id`)
) ENGINE=InnoDB AUTO_INCREMENT=15 DEFAULT CHARSET=utf8;

/*Data for the table `t_blogcontent` */

insert  into `t_blogcontent`(`id`,`username`,`blogTitle`,`blogContent`) values (1,'zhangsan','张三讲法第一章','法（拼音：fǎ）是汉语一级通用规范汉字（常用字） [3]。法古字写作“灋”，最早见于西周金文。“法”本义是法律、法令。它的含义古今变化不大，在古代有时特指刑法，后来由“法律”义引申出“标准”“方法”等义。现代汉语的“法”多指由统治者（统治集团，也就是政党，包括国王、君主），为了实现统治并管理国家的目的，经过一定立法程序，所颁布的一切规范的总称。'),(2,'username','username是什么','用户名（英文名：Username），是网络术语之一。就是要登录（登入、登录、进入等）的账户名，即在所在网站的识别码 。'),(3,'leo','HelloWord','helloword'),(4,'zhangsan','张三讲法第二章','法古字写作“灋”，最早见于西周金文。字形由“氵（水）”“廌（zhì）”“去”三部分组成，“水”代表执法要公平公正、不偏不倚，要像水面一样平；“廌”就是獬豸，是中国古代传说中的一种神兽，这种神兽外形可能长得像鹿，只有一只角，因此，这个字的字形跟“鹿”有部分相同之处。但从流传下来的獬豸的图像来看，样子又有些像麒麟，有些像牛，还有些像神羊。这种兽刚正不阿，双目炯炯有神，遇到人与人相互之间发生矛盾，对于其中无理的那一方，它会用那只角去顶触有错的一方，因此，在民间被传为代表公正无私的神兽。“去”在此的寓意说法不一。许慎《说文解字》认为是去除坏人的意思。有些资料认为是由一个人和盛水的器皿组成，是强调执法平之如水的。也有人认为是个声旁的。图1和图2为初文，部件的相对位置比较灵活。'),(5,'炫光无敌暴龙战士','个人信息','炫光无敌暴龙战士炫光无敌暴龙战士炫光无敌暴龙战士炫光无敌暴龙战士炫光无敌暴龙战士炫光无敌暴龙战士炫光无敌暴龙战士炫光无敌暴龙战士炫光无敌暴龙战士炫光无敌暴龙战士炫光无敌暴龙战士炫光无敌暴龙战士炫光无敌暴龙战士炫光无敌暴龙战士炫光无敌暴龙战士炫光无敌暴龙战士炫光无敌暴龙战士炫光无敌暴龙战士炫光无敌暴龙战士炫光无敌暴龙战士炫光无敌暴龙战士炫光无敌暴龙战士炫光无敌暴龙战士炫光无敌暴龙战士炫光无敌暴龙战士炫光无敌暴龙战士炫光无敌暴龙战士炫光无敌暴龙战士炫光无敌暴龙战士炫光无敌暴龙战士炫光无敌暴龙战士炫光无敌暴龙战士炫光无敌暴龙战士炫光无敌暴龙战士炫光无敌暴龙战士炫光无敌暴龙战士炫光无敌暴龙战士炫光无敌暴龙战士炫光无敌暴龙战士炫光无敌暴龙战士炫光无敌暴龙战士炫光无敌暴龙战士炫光无敌暴龙战士'),(6,'1','114514','114514'),(7,'zhangsan','123123','123123'),(8,'123123','1234567890','1234567890'),(9,'1','11111111111111111','1111111111111111111111111111111111111111111111111111111111111111111111111111111111111111111111111111111111111111111111111111111111111111111111111111111111111111111111111111111111111111111111111111111111111111111111111111111111111111111111111111111111111111111111111111111111111111111111111111111111111111111111111111111111111111111111111111111111111111111111'),(10,'1','123','313216541吖大家好苏打水还u但是哎u说的话啊ui的话哎u的话爱俗话嗲u和 '),(11,'1','123123','1222222222225555555555555555555555555555555555555555555555555555555555555555555555555555555555555555555555555'),(12,'1','阿松大受打击','爱上帝爱上帝爱上帝爱上帝爱上帝爱上帝爱上帝爱上帝爱上帝爱上帝爱上帝爱上帝爱上帝爱上帝爱上帝爱上帝\n爱上帝爱上帝爱上帝爱上帝爱上帝爱上帝爱上帝爱上帝爱上帝爱上帝爱上帝爱上帝爱上帝爱上帝爱上帝爱上帝\n爱上帝爱上帝爱上帝爱上帝爱上帝爱上帝爱上帝爱上帝爱上帝爱上帝爱上帝爱上帝爱上帝爱上帝爱上帝爱上帝爱上帝\n爱上帝爱上帝爱上帝爱上帝爱上帝爱上帝爱上帝爱上帝爱上帝爱上帝爱上帝爱上帝爱上帝爱上帝爱上帝爱上帝爱上帝\n爱上帝爱上帝爱上帝爱上帝爱上帝爱上帝爱上帝爱上帝爱上帝'),(13,'1','111','1111111111111111111111111111111111111111111111\n1111111111111111111111111111111111111111111111\n1111111111111111111111111111111111111111111111'),(14,'蔡徐坤','全民制作人们,大家好','全民制作人们，大家好，我是练习时长两年半的，个人练习生蔡徐坤，喜欢唱 跳 rap 篮球。”\n');

/*Table structure for table `t_comment` */

DROP TABLE IF EXISTS `t_comment`;

CREATE TABLE `t_comment` (
  `id` int(10) NOT NULL AUTO_INCREMENT,
  `bId` int(10) NOT NULL,
  `username` varchar(20) NOT NULL,
  `commentContent` varchar(200) DEFAULT NULL,
  PRIMARY KEY (`id`)
) ENGINE=InnoDB AUTO_INCREMENT=28 DEFAULT CHARSET=utf8;

/*Data for the table `t_comment` */

insert  into `t_comment`(`id`,`bId`,`username`,`commentContent`) values (1,1,'zhangsan','感谢大家支持'),(2,1,'1','真的很棒'),(3,1,'zhangsan','1'),(4,1,'1','123'),(5,2,'123','1'),(6,1,'123','123'),(7,1,'123','1111'),(8,4,'1','111'),(9,4,'1','老师讲的太好了！！'),(10,6,'1','里在干什莫'),(11,8,'1','0987654321！我会反着背'),(12,9,'1','111'),(13,10,'1','老弟，在键盘上洗脸是吗'),(14,12,'1','我不爱'),(15,13,'1','2'),(16,14,'蔡徐坤','各位多多指教'),(17,14,'zhangsan','真的两年半吗'),(18,1,'zhangsan','1'),(19,10,'1','1'),(20,14,'1','123123'),(21,14,'1','123123'),(22,14,'1','123'),(23,1,'1','1'),(24,1,'1','1'),(25,1,'1','1'),(26,1,'1','123'),(27,9,'1','1');

/*Table structure for table `t_user` */

DROP TABLE IF EXISTS `t_user`;

CREATE TABLE `t_user` (
  `username` varchar(20) NOT NULL,
  `password` varchar(20) NOT NULL,
  PRIMARY KEY (`username`)
) ENGINE=InnoDB DEFAULT CHARSET=utf8;

/*Data for the table `t_user` */

insert  into `t_user`(`username`,`password`) values ('1','1'),('12','12'),('123','1'),('123123','123123'),('2','2'),('leo','123456'),('username','password'),('zhangsan','123456'),('炫光无敌暴龙战士','123456'),('蔡徐坤','2.5');

/*!40101 SET SQL_MODE=@OLD_SQL_MODE */;
/*!40014 SET FOREIGN_KEY_CHECKS=@OLD_FOREIGN_KEY_CHECKS */;
/*!40014 SET UNIQUE_CHECKS=@OLD_UNIQUE_CHECKS */;
/*!40111 SET SQL_NOTES=@OLD_SQL_NOTES */;
